industry,url,company_name,title,phone,email,about_us,services,service_areas,pricing_info,social_media,year_established,certifications,specializations
dumpster_rentals,https://bluebindumpsters.co/,"Dumpster Rental in Salt Lake City, UT | Blue Bin Dumpsters","Dumpster Rental in Salt Lake City, UT | Blue Bin Dumpsters",(801) 618-4375,N/A,About | About Us | About,N/A,"Bluffdale, Cottonwood Heights, Holladay, Millcreek, Riverton, Salt Lake, Salt Lake City, Sandy, South Jordan","bin dumpster rentalslocally owned and family operated book online / get pricing here! salt lake | commercial dumpsters














what your neighbors are saying | take your job or commercial space to the next level with one of our heavy-duty commercial dumpsters today | dumpster rental near me | our team of experienced dumpster rental professionals is dedicated to providing top-tier service for both residential and commercial projects",facebook: https://www.facebook.com/profile.php?id=61553675297250 | facebook: https://www.facebook.com/profile.php?id=61553675297250 | instagram: https://www.instagram.com/bluebindumpsters.co/,N/A,N/A,Residential | Commercial
dumpster_rentals,https://atyourdisposalutah.com/,At Your Disposal  - Dumpster rental Utah,"Dumpster Rentals in Salt Lake City, Utah | At Your Disposal",801-462-1661,N/A,About Us,N/A,"Bountiful, Cottonwood Heights, Draper, Herriman, Holladay, Kearns, Midvale, Millcreek, Murray, Riverton, Salt Lake, Salt Lake City, Sandy, South Jordan, Taylorsville, Utah, West Jordan, West Valley, West Valley City","at your disposal, llc provides rolloff dumpster rental services for commercial, residential and industrial waste management needs in and around salt lake city, utah and across utah's wasatch front | ​
​
​ utah's local provider for dumpster rentalsat your disposal, llc is locally owned and operated | disposal you'll receive reliable service, competitive pricing, and honest, friendly treatment. we offer same day",facebook: https://www.facebook.com/At-Your-Disposal-1011352539055312/?modal=admin_todo_tour | instagram: http://instagram.com/atyourdisposalutah,N/A,Insured,Demolition | Residential | Commercial
dumpster_rentals,https://dragnflyutah.com/,"Drag N Fly Roll Off Dumpster Rental In Salt Lake City, UT","Drag N Fly Roll Off Dumpster Rental In Salt Lake City, UT",(801) 876-4285,orders@dragnflyutah.com,About Us | About Us | LEARN MORE,N/A,"Alpine, Bluffdale, Bountiful, Cottonwood Heights, Davis County, Eagle Mountain, Herriman, Highland, Holladay, Kearns, Lehi, Lindon, Magna, Midvale, Millcreek, Murray, Orem, Pleasant Grove, Riverton, Salt Lake, Salt Lake City, Salt Lake County, Sandy, Taylorsville, Utah, Utah County, West Jordan, West Valley","salt lake city, utah based family owned and operated waste and recycle hauling company. we | we provide comprehensive roll off dumpster rental services to the entire wasatch front and specialize in offering unparalleled services at competitive rates | click here to order - 15yd







15 cubic yard roll off dumpsters can be used for all types of waste and recycle materials",facebook: https://www.facebook.com/dragnflydisposal/ | instagram: https://www.instagram.com/dragnflyrolloffs/,2016,Certified,Construction | Demolition | Residential
dumpster_rentals,https://bubsdisposal.com/,"Roll Off Dumpster Rental Salt Lake City, UT | Park City, UT","Roll Off Dumpster Rental Salt Lake City, UT | Park City, UT",801-230-5045,N/A,About Us | About Us,Waste_Types: Yard waste,"Ogden, Park City, Provo, Salt Lake, Salt Lake City, Utah","give us a call to schedule your roll off dumpster rental in park city, ut and nearby areas | business dumpster rental
need to rent a dumpster long-term with regular pickups for your businesses, office building, or apartment complex? call us at 801-230-5045 for pricing | contractor dumpster rental
we have dumpsters available for all types of construction material including concrete, dirt, demolition debris, etc | our roll off dumpsters are perfect for cleaning out your basement, garage, or an entire house | you can depend on us to rotate out the cans as fast as you fill them up, should you need more than one roll off dumpster on your construction site",N/A,N/A,N/A,Construction | Demolition | Residential
dumpster_rentals,https://saltcitydumpsterrental.com/,Company  for dumpster rentals,Dumpster Rental Salt Lake City | Salt City Dumpsters,801-616-3888,admin@saltcitydumpsters.com,N/A,Waste_Types: ,"Murray, Salt Lake, Salt Lake City, Salt Lake County, South Jordan, Utah","need a dumpster rental near me? our team can help you select the perfect option and answer questions about what materials are accepted in our mixed waste dumpsters | from sugarhouse to the avenues, rose park to south jordan, we’ve delivered reliable and affordable roll-off dumpster rentals to homes, businesses, and construction sites",twitter: http://twitter.com/SaltCityDumpste,2017,N/A,Construction
dumpster_rentals,https://samedaydumpster.co/,Same Day Dumpster Rental Salt Lake City | Fast & Affordable,Same Day Dumpster Rental Salt Lake City | Fast & Affordable,(801) 935-0297,heysameday@gmail.com,About Us | About Us | Dumpster Rental...,N/A,"Alpine, American Fork, Bountiful, Draper, Herriman, Highland, Holladay, Kearns, Layton, Lehi, Magna, Midvale, Millcreek, Murray, Park City, Provo, Salt Lake, Salt Lake City, Sandy, Saratoga Springs, South Jordan, Taylorsville, Utah, West Valley, West Valley City","9 from 150+ reviewsonline dumpsterrental 24/7same daydumpster rentalorder it easy | with competitive rates and reliable service,  same day dumpsters is your top choice for stress-free waste removal and junk disposal in salt lake city | definitely my go to dumpster rental service in slc | you load all your debris & wasteload the dumpsterafter receiving your dumpster rental in salt lake city, you're ready to start loading it | our goal is to make your dumpster rental experience seamless and convenient",facebook: https://www.facebook.com/SameDayDumpsterService | instagram: https://www.instagram.com/samedaydumpsters/ | youtube: https://www.youtube.com/@samedaydumpster,N/A,N/A,Construction | Demolition | Residential
dumpster_rentals,https://a1disposal.com/,A1 Disposal City Dumpster Rentals and Waste Management,A1 Disposal | Salt Lake City Dumpster Rentals and Waste Management,(801)-534-7575,N/A,Our Mission | Our Mission | Our Mission,N/A,"Salt Lake, Salt Lake City, Utah","pay bill











                    request a free quote


















































same-day deliverynear salt lake citydumpster rentals",facebook: https://facebook.com/a1disposal | facebook: https://facebook.com/a1disposal | linkedin: https://www.linkedin.com/company/106166889,N/A,N/A,Construction | Demolition | Residential
dumpster_rentals,https://acedisposal.com/,ACE Disposal: Recycling & Waste Disposal Services,ACE Disposal: Recycling & Waste Disposal Services,(800) 724-9995,N/A,N/A,"Services: , ACE Disposal: Recycling & Waste Disposal Services, Residential Waste Disposal, Business Waste Disposal","Alpine, Bountiful, Draper, Eagle Mountain, Midvale, Murray, Pleasant Grove, Salt Lake, Salt Lake City, South Jordan, Utah, West Jordan, West Valley, West Valley City","”
 







 
leave us a review













let's talk dumpster rentals | commercial building cleanouts and large-scale junk removal | our services include business and residential garbage removal and disposal, recycling services, and dumpster rentals | of the comments we received. competitive pricing?“the competition comes in with a really nice first-year | depending on the size and location of the business, traditional waste disposal methods can take up a lot of space and can be quite costly and messy",facebook: https://www.facebook.com/AceDisposal | instagram: https://www.instagram.com/acedisposal/ | youtube: https://www.youtube.com/user/acedisposalut/,2003,Certified,Construction | Demolition | Residential
dumpster_rentals,https://brackenbox.com/,Dumpster Rentals in Chicagoland Area | NW Indiana | Brackenbox,Dumpster Rentals in Chicagoland Area | NW Indiana | Brackenbox,(708) 339-4100,info@gmail.com,Our Company | Find Out More About Us | ,Services: Event Cleanup Waste Disposal | Waste_Types: Yard Waste,Local Service Area,"when it comes to reliable dumpster rental, brackenbox stands as the company you can depend on for all your roll-off container rental requirements | is a premier choice for 24/7 dumpster rental services and waste solutions serving chicagoland and northwest indiana | dumpster rentals in chicagoland area | nw indiana | brackenbox






use the promo code for $15 | the dumpster rental process is now complete | thank you for choosing brackenbox!(708) 339-4100contact usprocessabout brackenbox - chicago dumpster rental companybrackenbox roll off service, inc",facebook: https://www.facebook.com/BrackenBox | twitter: https://twitter.com/brackenbox | linkedin: https://www.linkedin.com/company/brackenbox-roll-off-service-inc-/about/,2003,Certified,Construction | Demolition | Residential
dumpster_rentals,https://discountdumpsterco.com/,Discount Dumpster Rental Blue,Dumpster Rental Waste Management | Discount Dumpster,(855)-573-3867,N/A,About | How a Dumpster Rental Works | Discount Dumpster Reviews,"Services: , Complete Waste Disposal Guide","Salt Lake, Salt Lake City","discount dumpster provides dumpster rental sizes for all types of debris and projects | dumpster rental waste management | discount dumpster




































































  flat rate pricing(855)-573-3867


excellent




4 | with a large inventory of available cans and locations across your town, discount dumpster has a competitive advantage to provide low prices for dumpster rentals | location and availability prices are always affected by location and availability, but we’re usually able to provide the lowest priced dumpster rentals in your area | residential roll off dumpstersconstruction dumpster rentaldispose of commercial waste in a simple to use roll off container",facebook: https://www.facebook.com/DscntDumpster/ | instagram: https://www.instagram.com/dscntdumpster/ | twitter: https://twitter.com/dscntdumpster,N/A,N/A,Construction | Demolition | Residential
dumpster_rentals,https://budgetdumpster.com/,budget dumpster,Dumpster Rentals for Less | Budget Dumpster,855-900-5728,N/A,About Us | Reviews | Media Room,"Waste_Types: Yard Waste Dumpster, Yard Waste",Local Service Area,"dumpster rentals for less | budget dumpsterskip to contentthis app works best with javascript enabled | what is a roll off dumpster?




how a dumpster rental workshow to rent a dumpster in 4 easy steps1 | trying to clear out a basement or backyard shed? we have the perfect size dumpster rental for you | learn more about how we simplify dumpster rentals, and how we can help you find a dumpster for rent in your area | â 
learn more about our dumpster rental services
rent a dumpster today855-900-5728order onlinetop service areasdallas, txgreensboro, ncminneapolis, mnnewark, njraleigh, ncst",facebook: https://www.facebook.com/budget.dumpster | facebook: https://www.facebook.com/budget.dumpster | instagram: https://www.instagram.com/budgetdumpster/,2009,N/A,Construction | Demolition | Residential
dumpster_rentals,https://dumpsters.com/,Dumpsters.com,Get a Dumpster Rental from the Experts | Dumpsters.com,888-478-3867,N/A, | About Dumpsters.com | Customer Reviews,"Services:  | Waste_Types: Yard Waste Dumpsters, Yard Waste",Local Service Area,get a dumpster rental from the experts | dumpsters,facebook: https://www.facebook.com/dumpstersdotcom | instagram: https://www.instagram.com/dumpstersdotcom/ | twitter: https://twitter.com/dumpstersdotcom,N/A,N/A,Construction | Demolition | Residential
dumpster_rentals,https://wm.com/,WM Primary,WM | Waste Management & Recycling Services,N/A,N/A,N/A,Services: ,N/A,"get commercial waste serviceroll-off dumpster rentalfrom quick cleanouts to major renovations, wm has a dumpster that's perfect for your project",N/A,N/A,N/A,Residential | Commercial
dumpster_rentals,https://rumpke.com/,Rumpke,Trash Pickup & Recycling Services | Rumpke ,N/A,N/A,About Us | Our Story | Service Areas,"Waste_Types: Yard Waste Service, Yard Waste","Highland, Morgan County, Summit County, Washington County, Wayne County","additionally, we have several value-added services including portable toilet rental, hydraulics services and repair, and full service junk removal - to name a few",facebook: https://www.facebook.com/RumpkeCo/ | instagram: https://www.instagram.com/rumpkewasterecycling/ | linkedin: https://www.linkedin.com/company/rumpke/,1932,N/A,Construction | Residential | Commercial
dumpster_rentals,https://wasteconnections.com/,Waste Connections | Trash Pickup Services,Waste Connections | Trash Pickup Services,844-708-7274,N/A,About UsCompany overview | More About Us | About Us,"Services: Special Waste Disposal, Effective waste disposal | Waste_Types: Yard Waste Pickup, Yard Waste",Local Service Area,"go to dumpster rentaldecorative iconcommercial trash compactorswaste connections rents, sells, and services trash compactors | go to commercial waste collectiondecorative iconroll off dumpster rentalour dumpster rental service offers a diverse range of container sizes to accommodate any project | decorative iconcommercial waste collectionno matter your business size, we can find a commercial dumpster rental that is right for you | decorative icon

dumpster rentalour roll off dumpster services offer a range of container sizes suitable for commercial, residential, and construction needs",facebook: https://www.facebook.com/wasteconnections/ | instagram: https://www.instagram.com/official_waste_connections/ | twitter: https://twitter.com/WasteConnection,N/A,N/A,Construction | Demolition | Residential
dumpster_rentals,https://republicservices.com/,Republic Services,"Environmental Services, Recycling & Trash Pickup Services",N/A,N/A,About | About | View,Services:  | Waste_Types: ,Local Service Area,N/A,facebook: https://www.facebook.com/RepublicServices | instagram: https://www.instagram.com/republic_services/ | twitter: https://twitter.com/RepublicService,N/A,N/A,Residential
dumpster_rentals,https://www.wasatchwaste.com/,Wasatchwaste,N/A,N/A,N/A,N/A,N/A,N/A,N/A,N/A,N/A,N/A,N/A
dumpster_rentals,https://www.utahdumpsterrental.com/,Dumpster Rental | Affordable Prices | Uncle Buck Dumpster Rental,Dumpster Rental | Affordable Prices | Uncle Buck Dumpster Rental,(734) 307-5763,info@UncleBuck.com,About | Read More,N/A,Local Service Area,"so, as time went by i became more involved in the dumpster rental business | com
 

 






 copyright © 2018-2025 uncle buck dumpster rental llc  all rights reserved",N/A,N/A,N/A,Construction | Residential | Commercial
dumpster_rentals,https://www.saltlakedumpster.com/,"Dumpster Rental Salt Lake City, UT Dumpster","Dumpster Rental Salt Lake City, UT | Salt Lake Dumpster",(801) 971-7179,971-7179Emailinquiry@saltlakedumpster.comCopyright,About,N/A,"Salt Lake, Salt Lake City, Salt Lake County","contact our team if you have questions about our dumpster rental in salt lake city, ut, or other services | comcopyright © 2025 inkstone industries llc dba salt lake dumpster | we have several dumpster sizes available, making our salt lake county dumpster rental services perfect for any residential or commercial-level project | salt lake dumpster keeps the disposal process simple by offering quick dumpster services; we’ll deliver the dumpster to your property and pick it up at the end of your scheduled rental",N/A,N/A,N/A,Construction | Residential | Commercial
dumpster_rentals,https://www.dumpsterrentalutah.com/,Dumpsterrentalutah,N/A,N/A,N/A,N/A,N/A,N/A,N/A,N/A,N/A,N/A,N/A
dumpster_rentals,https://www.utahwaste.com/,Utahwaste,N/A,N/A,N/A,N/A,N/A,N/A,N/A,N/A,N/A,N/A,N/A
dumpster_rentals,https://www.unclebuckdumpster.com/,Dumpster Rental | Affordable Prices | Uncle Buck Dumpster Rental,Dumpster Rental | Affordable Prices | Uncle Buck Dumpster Rental,(734) 307-5763,info@UncleBuck.com,About | Read More,N/A,Local Service Area,"so, as time went by i became more involved in the dumpster rental business | com
 

 






 copyright © 2018-2025 uncle buck dumpster rental llc  all rights reserved",N/A,N/A,N/A,Construction | Residential | Commercial
dumpster_rentals,https://www.libertydumpster.com/,Liberty Dumpster,Liberty Dumpster Order Online or Call 405-383-9455,405-383-9455,orders@libertydumpster.com,About Us | About Us,N/A,"Salt Lake, Salt Lake City","a+ service!








isabella taylor
great experience with liberty dumpster rental | com








contact us










by clicking here, you consent to receive customer care-related or one-on-one communication text messages from liberty dumpster rental",facebook: https://www.facebook.com/profile.php?id=61573427391137 | instagram: https://www.instagram.com/liberty_dumpster_rental/ | youtube: https://www.youtube.com/channel/UC5X60KOysIy06f1q4iz8pGQ,N/A,N/A,Construction
dumpster_rentals,https://www.utahjunkremoval.com/,Utah Junk Removal,Utah Junk Removal,N/A,N/A,N/A,N/A,Utah,"so why waste time searching for dumpster rental and junk removal services on your own? trust our online platform to connect you with the best service providers in utah | learn moregot junk? let us take care of it! fast, affordable, and reliable junk removal services find out more    copyright © 2025 utah junk removal - all rights reserved",N/A,N/A,Licensed | Insured,Junk Removal
dumpster_rentals,https://www.utahhauling.com/,Utahhauling,N/A,N/A,N/A,N/A,N/A,N/A,N/A,N/A,N/A,N/A,N/A
dumpster_rentals,https://www.wasatchjunk.com/,Wasatchjunk,N/A,N/A,N/A,N/A,N/A,N/A,N/A,N/A,N/A,N/A,N/A
dumpster_rentals,https://www.utahdemolition.com/,Waters Construction Inc.,Waters Construction Inc.,801-528-2275,waterslanddevelopment@gmail.com,About Us | About Us | About Us,N/A,N/A,"if you would like a free estimate please call or text 801-528-2275, or email us",instagram: https://www.instagram.com/waters_construction_inc/ | instagram: https://www.instagram.com/waters_construction_inc/,N/A,N/A,Construction | Demolition | Residential
dumpster_rentals,https://www.junk-king.com/,,"
	North America's Best Junk Removal and Hauling Service | Junk King
",737-888-5865,N/A,Disclaimer | Disclaimer | About Us In 2005 Junk King was launched as the dependable junk hauling service to clear unwanted clutter from homes and businesses....,N/A,Local Service Area,"back to pricing
                        


junk removal pricing 


dumpster pricing junk king provides an easy, affordable and convenient dumpster solution for your diy projects | jk same day junk removal get your junk removed today with our same-day junk removal services | schedule a drop-off today!


recycling junk king has made a commitment to the environment through our green junk removal & recycling services, saving tons of waste from local landfills each year | quick, hassle-free, and eco-friendly solutions for all your junk removal needs | we guarantee to match or beat any written estimate you receive from other junk removal companies",facebook: https://www.facebook.com/JunkKingFranchise | facebook: https://www.facebook.com/JunkKingFranchise | twitter: https://twitter.com/JunkKingCorp,N/A,Certified,Construction | Residential | Commercial
dumpster_rentals,https://www.collegehunkshaulingjunk.com/,College Hunks Hauling Junk .,College HUNKS Hauling Junk & Moving®,833-626-1326,N/A,About Us,N/A,Local Service Area,"that really matter get a free estimate find a location find a location with over | get a free estimate
  




















junk removal














college hunks hauling junk offers eco-friendly junk removal and trash pickup services throughout the u | schedule your free estimate





junk removal & trash pickup
our professional junk removal teams can help assist with decluttering your home or office by removing just about any unwanted item(s) | get a free quote online


get a free quote online

schedule junk removal or get a move quote with our easy-to-use system",facebook: https://www.facebook.com/CollegeHunksHaulingJunkandMoving/ | instagram: https://www.instagram.com/collegehunks/ | twitter: https://twitter.com/CollegeHunks,N/A,Licensed | Insured,Demolition | Residential | Commercial
dumpster_rentals,https://www.bagster.com/,Bagster: Fabricant Français de Selles et Bagagerie Moto depuis 1984,Bagster: Fabricant Français de Selles et Bagagerie Moto depuis 1984,1785856210,N/A,N/A,N/A,N/A,N/A,facebook: https://fr-fr.facebook.com/BagsterMoto/ | instagram: https://www.instagram.com/bagstermoto/ | instagram: https://scontent-cdg4-1.cdninstagram.com/v/t51.82787-15/541302226_18517573351052828_7713854111331926369_n.heic?stp=dst-jpg_e35_tt6&_nc_cat=104&ccb=1-7&_nc_sid=18de74&_nc_ohc=yAiEbnOoJKAQ7kNvwE2bgN3&_nc_oc=AdkaoYiV2xsB1M9QEXosytchHv83SnkO1aOEPbzuIVtEG2xeft9EYLKUa1p8_U3FYsgOPpzVY6YTlPldY8cXy623&_nc_zt=23&_nc_ht=scontent-cdg4-1.cdninstagram.com&edm=ANo9K5cEAAAA&_nc_gid=ErWGlX571QJoRpE_NT3ODA&oh=00_AfYCxZHQ-QT_IXtG0kTNZTAw4Oc4ljO3DG6a_9mYmyqJDg&oe=68C872D4,N/A,N/A,Commercial
dumpster_rentals,https://www.1800gotjunk.com/,,Full-Service Junk Removal | 1-800-GOT-JUNK?,800-468-5865,N/A,N/A,N/A,N/A,"96 average ratingbased on 563,000+ verified customer reviewsjunk removal made easysame-day servicebook today | call before we arriveget a free estimateno hidden fees. no deposit. no obligation to continuefriendly,",N/A,N/A,N/A,Junk Removal
dumpster_rentals,https://www.junkremovalpros.com/,Junkremovalpros,N/A,N/A,N/A,N/A,N/A,N/A,N/A,N/A,N/A,N/A,N/A
dumpster_rentals,https://www.junkremovalusa.com/,Junkremovalusa,N/A,N/A,N/A,N/A,N/A,N/A,N/A,N/A,N/A,N/A,N/A
construction_services,https://www.utahcontractors.com/,Utahcontractors,N/A,N/A,N/A,N/A,N/A,N/A,N/A,N/A,N/A,N/A,N/A
construction_services,https://www.utahbuilders.com/,Utahbuilders,N/A,N/A,N/A,N/A,N/A,N/A,N/A,N/A,N/A,N/A,N/A
construction_services,https://www.utahremodeling.com/,Rogue Fish Media - home,Rogue Fish Media - home,N/A,N/A,about | about,N/A,N/A,N/A,N/A,N/A,N/A,N/A
construction_services,https://www.utahdemolition.com/,Waters Construction Inc.,Waters Construction Inc.,801-528-2275,waterslanddevelopment@gmail.com,About Us | About Us | About Us,N/A,N/A,"if you would like a free estimate please call or text 801-528-2275, or email us",instagram: https://www.instagram.com/waters_construction_inc/ | instagram: https://www.instagram.com/waters_construction_inc/,N/A,N/A,N/A
construction_services,https://www.utahrenovation.com/,UtahRenovation.com is for sale,UtahRenovation.com is for sale,(754)333-1593,Email@JasonEisler.com,N/A,N/A,Utah,N/A,linkedin: https://www.linkedin.com/in/jasoneisler/,N/A,N/A,N/A
construction_services,https://www.utahhomeimprovement.com/,Utahhomeimprovement,N/A,N/A,N/A,N/A,N/A,N/A,N/A,N/A,N/A,N/A,N/A
construction_services,https://www.utahroofing.com/,Utah Roofing Experts in Green and White,Expert Home & Roof Services | Utah Roofing Experts,(385)766-3464,office@utahroofing.com,About Us | About | About Us,N/A,"Alpine, American Fork, Bountiful, Cottonwood Heights, Davis County, Draper, Highland, Holladay, Layton, Lehi, Midvale, Morgan County, Murray, Ogden, Orem, Park City, Payson, Provo, Riverton, Salt Lake, Salt Lake City, Salt Lake County, Sandy, Spanish Fork, Springville, Summit County, Tooele County, Utah, Utah County, Wasatch County, Weber County, West Jordan, West Valley, West Valley City",professional commercial attention get a free estimate crafting quality homes are you a commercial or,facebook: https://www.facebook.com/profile.php?id=61557759733181 | instagram: https://www.instagram.com/utah_roofing_experts/,N/A,N/A,N/A
construction_services,https://www.utahflooring.com/,Utahflooring,N/A,N/A,N/A,N/A,N/A,N/A,N/A,N/A,N/A,N/A,N/A
construction_services,https://www.utahplumbing.com/,Utahplumbing,N/A,N/A,N/A,N/A,N/A,N/A,N/A,N/A,N/A,N/A,N/A
construction_services,https://www.utahelectrical.com/,Utahelectrical,N/A,N/A,N/A,N/A,N/A,N/A,N/A,N/A,N/A,N/A,N/A
construction_services,https://www.utahhvac.com/,US Air Conditioning Distributors Utah HVAC Parts Equipment,US Air Conditioning Distributors Utah HVAC Parts Equipment,(801) 485-8071,N/A,N/A,N/A,"Salt Lake, Salt Lake City, Utah",N/A,N/A,N/A,N/A,N/A
construction_services,https://www.utahpainting.com/,hbaa-,Wasatch Painting,801-994-6733,info@wasatch-painting.com,About | Read More... | About Us,N/A,Utah,home builders gallery doing good free estimate about uswe are painters dedicated to helping our,facebook: https://www.facebook.com/WasatchMountainPainting,N/A,N/A,N/A
construction_services,https://www.utahlandscaping.com/,Utahlandscaping,N/A,N/A,N/A,N/A,N/A,N/A,N/A,N/A,N/A,N/A,N/A
junk_removal,https://www.utahjunkremoval.com/,Utah Junk Removal,Utah Junk Removal,N/A,N/A,N/A,N/A,Utah,"so why waste time searching for dumpster rental and junk removal services on your own? trust our online platform to connect you with the best service providers in utah | learn moregot junk? let us take care of it! fast, affordable, and reliable junk removal services find out more    copyright © 2025 utah junk removal - all rights reserved",N/A,N/A,Licensed | Insured,N/A
junk_removal,https://www.utahhauling.com/,Utahhauling,N/A,N/A,N/A,N/A,N/A,N/A,N/A,N/A,N/A,N/A,N/A
junk_removal,https://www.wasatchjunk.com/,Wasatchjunk,N/A,N/A,N/A,N/A,N/A,N/A,N/A,N/A,N/A,N/A,N/A
junk_removal,https://www.utahcleanup.com/,,UtahCleanup.com is for sale | HugeDomains,303-893-0552,N/A,About us | Overview,N/A,Utah,N/A,N/A,2005,N/A,N/A
junk_removal,https://www.utahdemolition.com/,Waters Construction Inc.,Waters Construction Inc.,801-528-2275,waterslanddevelopment@gmail.com,About Us | About Us | About Us,N/A,N/A,"if you would like a free estimate please call or text 801-528-2275, or email us",instagram: https://www.instagram.com/waters_construction_inc/ | instagram: https://www.instagram.com/waters_construction_inc/,N/A,N/A,Residential | Commercial
junk_removal,https://www.utahdisposal.com/,utahdisposal.com - utahdisposal Resources and Information.,utahdisposal.com - utahdisposal Resources and Information.,N/A,N/A,N/A,N/A,Utah,N/A,N/A,N/A,N/A,N/A
junk_removal,https://www.utahwasteremoval.com/,"Orem, UT Junk Removal Company Waste Removal","Orem, UT Junk Removal Company | Utah Waste Removal",385-438-2958,N/A,About Us | About Us | About Us,"Services: Storage unit cleanouts and junk hauling | Specialty: Garage Cleanout | Locations: Garage, attic and basement cleanouts","American Fork, Eagle Mountain, Herriman, Lehi, Millcreek, Murray, Orem, Park City, Pleasant Grove, Provo, Riverton, Salt Lake, Salt Lake City, Sandy, Saratoga Springs, South Jordan, Spanish Fork, Taylorsville, Utah, West Jordan, West Valley, West Valley City","or online and get a free estimate. ""efficient service"" we were absolutely impressed with the | when you choose utah waste removal, you're supporting a team that cares about the community and values genuine, friendly service | serving the greater salt lake areawe provide reliable junk removal from orem to salt lake city and provo, making it easy to get rid of unwanted items | at utah waste removal, we provide junk removal services for homeowners and businesses across orem, salt lake city, and provo | ""efficient service""
we were absolutely impressed with the service of the men from utah waste removal",facebook: https://www.facebook.com/profile.php?id=61564647373232 | facebook: https://www.facebook.com/profile.php?id=61564647373232 | instagram: https://www.instagram.com/utahwasteremoval/profilecard/?igsh=ODBzNjlma3U0d3Nw,N/A,N/A,Residential | Commercial | Estate Cleanout
contractors,https://www.utahcontractors.com/,Utahcontractors,N/A,N/A,N/A,N/A,N/A,N/A,N/A,N/A,N/A,N/A,N/A
contractors,https://www.saltlakecontractors.com/,SaltLakeContractors.com,  SaltLakeContractors.com - DigiNames - Make a name for yourself in the digital world™  ,N/A,N/A,About,N/A,N/A,N/A,facebook: http://facebook.com/diginames | facebook: https://www.facebook.com/sharer/sharer.php?u=https%3A%2F%2Fdiginames.com%2Fsaltlakecontractors.com | facebook: https://www.facebook.com/sharer/sharer.php?u=https%3A%2F%2Fdiginames.com%2Fsaltlakecontractors.com,N/A,N/A,N/A
contractors,https://www.utahbuilders.com/,Utahbuilders,N/A,N/A,N/A,N/A,N/A,N/A,N/A,N/A,N/A,N/A,N/A
contractors,https://www.utahremodeling.com/,Rogue Fish Media - home,Rogue Fish Media - home,N/A,N/A,about | about,N/A,N/A,N/A,N/A,N/A,N/A,N/A
contractors,https://www.utahrenovation.com/,UtahRenovation.com is for sale,UtahRenovation.com is for sale,(754)333-1593,Email@JasonEisler.com,N/A,N/A,Utah,N/A,linkedin: https://www.linkedin.com/in/jasoneisler/,N/A,N/A,Renovation
contractors,https://www.utahhomeimprovement.com/,Utahhomeimprovement,N/A,N/A,N/A,N/A,N/A,N/A,N/A,N/A,N/A,N/A,N/A
contractors,https://www.utahgeneralcontractors.com/,Utah's General Contractor | Remodeling & Construction - All Types,Utah's General Contractor | Remodeling & Construction - All Types,N/A,N/A,N/A,N/A,Utah,N/A,N/A,N/A,N/A,Remodeling
contractors,https://www.utahroofing.com/,Utah Roofing Experts in Green and White,Expert Home & Roof Services | Utah Roofing Experts,(385)766-3464,office@utahroofing.com,About Us | About | About Us,N/A,"Alpine, American Fork, Bountiful, Cottonwood Heights, Davis County, Draper, Highland, Holladay, Layton, Lehi, Midvale, Morgan County, Murray, Ogden, Orem, Park City, Payson, Provo, Riverton, Salt Lake, Salt Lake City, Salt Lake County, Sandy, Spanish Fork, Springville, Summit County, Tooele County, Utah, Utah County, Wasatch County, Weber County, West Jordan, West Valley, West Valley City",professional commercial attention get a free estimate crafting quality homes are you a commercial or,facebook: https://www.facebook.com/profile.php?id=61557759733181 | instagram: https://www.instagram.com/utah_roofing_experts/,N/A,N/A,N/A
contractors,https://www.utahflooring.com/,Utahflooring,N/A,N/A,N/A,N/A,N/A,N/A,N/A,N/A,N/A,N/A,N/A
contractors,https://www.utahplumbing.com/,Utahplumbing,N/A,N/A,N/A,N/A,N/A,N/A,N/A,N/A,N/A,N/A,N/A
contractors,https://www.utahelectrical.com/,Utahelectrical,N/A,N/A,N/A,N/A,N/A,N/A,N/A,N/A,N/A,N/A,N/A
contractors,https://www.utahhvac.com/,US Air Conditioning Distributors Utah HVAC Parts Equipment,US Air Conditioning Distributors Utah HVAC Parts Equipment,(801) 485-8071,N/A,N/A,N/A,"Salt Lake, Salt Lake City, Utah",N/A,N/A,N/A,N/A,N/A
contractors,https://www.utahpainting.com/,hbaa-,Wasatch Painting,801-994-6733,info@wasatch-painting.com,About | Read More... | About Us,N/A,Utah,home builders gallery doing good free estimate about uswe are painters dedicated to helping our,facebook: https://www.facebook.com/WasatchMountainPainting,N/A,N/A,N/A
contractors,https://www.utahlandscaping.com/,Utahlandscaping,N/A,N/A,N/A,N/A,N/A,N/A,N/A,N/A,N/A,N/A,N/A
contractors,https://www.utahconcrete.com/,Utahconcrete,N/A,N/A,N/A,N/A,N/A,N/A,N/A,N/A,N/A,N/A,N/A
contractors,https://www.utahdrywall.com/,Utahdrywall,N/A,N/A,N/A,N/A,N/A,N/A,N/A,N/A,N/A,N/A,N/A
contractors,https://www.utahinsulation.com/,Utah Insulation,Utah Insulation,801-310-0015,N/A,N/A,N/A,"Bountiful, Draper, Herriman, Layton, Lehi, Millcreek, Murray, Ogden, Orem, Provo, Riverton, Salt Lake, Salt Lake City, Sandy, South Jordan, Spanish Fork, St. George, Taylorsville, Utah, West Jordan, West Valley, West Valley City",N/A,N/A,N/A,N/A,Home Improvement
contractors,https://www.utahflooring.com/,Utahflooring,N/A,N/A,N/A,N/A,N/A,N/A,N/A,N/A,N/A,N/A,N/A
contractors,https://www.utahcabinets.com/,Utahcabinets,N/A,N/A,N/A,N/A,N/A,N/A,N/A,N/A,N/A,N/A,N/A
contractors,https://www.utahcountertops.com/,Utah Countertops,Utah Countertops,(801) 381-1204,below.info@utahcountertops.com,ABOUT US | ABOUT US | ABOUT US,N/A,"Murray, Park City, Salt Lake, Salt Lake City, Utah",our storyutah countertops is a family owned and operated business based out of murray &,N/A,N/A,N/A,N/A
contractors,https://www.utahwindows.com/,utahwindows.com,utahwindows.com,N/A,N/A,N/A,N/A,Utah,N/A,N/A,N/A,N/A,N/A
contractors,https://www.utahdoors.com/,Utah Doors – Your Guide to Utah’s Top Door Companies,Utah Doors – Your Guide to Utah’s Top Door Companies,801-668-3419,Touch..office@utahdoors.com,N/A,N/A,"Alpine, American Fork, Bluffdale, Bountiful, Cedar Hills, Cottonwood Heights, Draper, Eagle Mountain, Highland, Holladay, Kearns, Layton, Lehi, Lindon, Mapleton, Midvale, Millcreek, Murray, Ogden, Orem, Park City, Payson, Pleasant Grove, Provo, Riverton, Salt Lake, Salt Lake City, Sandy, Saratoga Springs, South Jordan, Spanish Fork, Springville, St. George, Taylorsville, Utah, West Jordan, West Valley, West Valley City",N/A,facebook: https://www.facebook.com/,N/A,N/A,Home Improvement
contractors,https://www.utahgutters.com/,RGS Exteriors,Utah’s Premier Exterior Home Remodeler | RGS Exteriors,(801) 997-6616,N/A,Read What Our Past Customers Have To Say About Our Work...,N/A,"Layton, Salt Lake, Salt Lake City, South Jordan, Utah, West Jordan",N/A,facebook: https://www.facebook.com/RGSExteriorsUtah/ | instagram: https://www.instagram.com/rgs_exteriors_construction/,N/A,N/A,Remodeling
contractors,https://www.utahsiding.com/,Utahsiding,N/A,N/A,N/A,N/A,N/A,N/A,N/A,N/A,N/A,N/A,N/A
contractors,https://www.utahdecking.com/,Utah's Premier Deck Builders Decking,Utah's Premier Deck Builders - Utah Decking,385-237-7837,utahdecking@gmail.com,About Us | About Us | About Us,N/A,"Eagle Mountain, Lehi, Salt Lake, Salt Lake County, Saratoga Springs, Spanish Fork, Utah",service utah decking is a family owned company by husband and wife chris and robin | check our services get a free price estimate zip code name email phone street address,facebook: https://www.facebook.com/UtahDecking,N/A,N/A,N/A
contractors,https://www.utahfencing.com/,Utahfencing,N/A,N/A,N/A,N/A,N/A,N/A,N/A,N/A,N/A,N/A,N/A
